player_name,posicion,equipo,marketValue,pred_var_1d,pred_pct_1d,pred_mv_mañana
L. Milla,3,Getafe Club de Fútbol SAD,120020035,2.230319e+06,1.86,122250354.0
Fermín,3,Fútbol Club Barcelona,149106845,2.1239532e+06,1.42,151230798.25
Dani Olmo,3,Fútbol Club Barcelona,80733523,2.0636158e+06,2.56,82797138.75
Arda Güler,3,Real Madrid Club de Fútbol,113911412,1.717634e+06,1.51,115629046.0
Oyarzabal,4,Real Sociedad de Fútbol SAD,90771040,1.432246e+06,1.58,92203286.0
Guedes,3,Real Sociedad de Fútbol SAD,42367751,1.2884746e+06,3.04,43656225.625
Eric,2,Fútbol Club Barcelona,90580915,1.2108239e+06,1.34,91791738.875
Ez Abde,4,Real Betis Balompié SAD,56322870,1.1769854e+06,2.09,57499855.375
Gerard,4,Villarreal Club de Fútbol SAD,50803128,1.0629295e+06,2.09,51866057.5
Budimir,4,Club Atlético Osasuna,28150394,809213.5,2.87,28959607.5
Álex Balde,2,Fútbol Club Barcelona,47776184,762158.6,1.6,48538342.625
Camavinga,3,Real Madrid Club de Fútbol,33133186,694343.5,2.1,33827529.5
Catena,2,Club Atlético Osasuna,36552190,660917.75,1.81,37213107.75
Lewandowski,4,Fútbol Club Barcelona,52624403,645071.1,1.23,53269474.125
Kounde,2,Fútbol Club Barcelona,41431816,615284.94,1.49,42047100.9375
Valverde,3,Real Madrid Club de Fútbol,124095685,600889.94,0.48,124696574.9375
Tchouaméni,3,Real Madrid Club de Fútbol,62947301,589020.94,0.94,63536321.9375
Rashford,4,Fútbol Club Barcelona,44004696,565693.25,1.29,44570389.25
De Frutos,4,Rayo Vallecano de Madrid SAD,41705639,458386.88,1.1,42164025.875
Asencio,2,Real Madrid Club de Fútbol,21367610,450316.16,2.11,21817926.15625
Fornals,3,Real Betis Balompié SAD,131648615,410329.2,0.31,132058944.1875
Edu Expósito,3,RCD Espanyol de Barcelona,78436380,406031.97,0.52,78842411.96875
Joan García,1,Fútbol Club Barcelona,66296643,398271.3,0.6,66694914.3125
Marcos Alonso,2,Real Club Celta de Vigo SAD,45597214,396634.2,0.87,45993848.1875
Huijsen,2,Real Madrid Club de Fútbol,62633743,379691.94,0.61,63013434.9375
A. Moleiro,3,Villarreal Club de Fútbol SAD,134140534,343598.0,0.26,134484132.0
B. Iglesias,4,Real Club Celta de Vigo SAD,21646887,329978.25,1.52,21976865.25
Hancko,2,Club Atlético de Madrid SAD,39915318,315957.6,0.79,40231275.59375
Ferran,4,Fútbol Club Barcelona,98121559,275098.3,0.28,98396657.3125
Pepe,4,Villarreal Club de Fútbol SAD,26187214,259545.64,0.99,26446759.640625
Víctor Muñoz,4,Club Atlético Osasuna,12452346,235104.86,1.89,12687450.859375
Pau Cubarsí,2,Fútbol Club Barcelona,45951304,217782.94,0.47,46169086.9375
Arambarri,3,Getafe Club de Fútbol SAD,20856198,207816.61,1.0,21064014.609375
Oblak,1,Club Atlético de Madrid SAD,24013498,202415.1,0.84,24215913.09375
Muriqi,4,Real Club Deportivo Mallorca SAD,50803647,200088.67,0.39,51003735.671875
Vitor Reis,2,Girona Fútbol Club SAD,7404641,190233.86,2.57,7594874.859375
Álvaro García,3,Rayo Vallecano de Madrid SAD,17899880,122673.12,0.69,18022553.1171875
Sergio Gómez,2,Real Sociedad de Fútbol SAD,6589739,121735.49,1.85,6711474.4921875
Rioja,3,Valencia Club de Fútbol SAD,9632939,118777.25,1.23,9751716.25
C. Soler,3,Real Sociedad de Fútbol SAD,11607750,109758.95,0.95,11717508.953125
Danjuma,4,Valencia Club de Fútbol SAD,10892293,92409.42,0.85,10984702.421875
Lamine Yamal,4,Fútbol Club Barcelona,158274278,89372.54,0.06,158363650.5390625
Guruzeta,4,Athletic Club,1251370,58047.336,4.64,1309417.3359375
Brahim,3,Real Madrid Club de Fútbol,2900185,51250.51,1.77,2951435.51171875
Gorrotxa,3,Real Sociedad de Fútbol SAD,1646353,48878.266,2.97,1695231.265625
Iñaki Williams,4,Athletic Club,5859208,46609.97,0.8,5905817.96875
De Galarreta,3,Athletic Club,5674042,44257.977,0.78,5718299.9765625
Febas,3,Elche Club de Fútbol SAD,15533544,39227.84,0.25,15572771.83984375
Daley Blind,2,Girona Fútbol Club SAD,2668048,35787.8,1.34,2703835.80078125
Ratiu,2,Rayo Vallecano de Madrid SAD,31982543,32816.43,0.1,32015359.4296875
Arnau,2,Girona Fútbol Club SAD,1660832,31545.396,1.9,1692377.396484375
Marc Pubill,2,Club Atlético de Madrid SAD,11077504,30602.656,0.28,11108106.65625
Gueye,3,Villarreal Club de Fútbol SAD,15264295,29951.977,0.2,15294246.9765625
Darder,3,Real Club Deportivo Mallorca SAD,12460642,27540.98,0.22,12488182.98046875
Lucas Beltrán,3,Valencia Club de Fútbol SAD,1160332,24168.738,2.08,1184500.73828125
Álvaro,4,Elche Club de Fútbol SAD,3740616,19050.521,0.51,3759666.521484375
Nico Serrano,4,Athletic Club,596261,18403.281,3.09,614664.28125
Marc Bernal,3,Fútbol Club Barcelona,615977,16630.525,2.7,632607.525390625
Rubén García,3,Club Atlético Osasuna,17058042,15694.388,0.09,17073736.387695312
Chimy Ávila,4,Real Betis Balompié SAD,602309,14048.362,2.33,616357.3623046875
R. Mendoza,3,Club Atlético de Madrid SAD,839011,13927.035,1.66,852938.03515625
Lucas Boyé,4,Deportivo Alavés SAD,1086347,13699.841,1.26,1100046.8408203125
Lemar,3,Girona Fútbol Club SAD,775224,13302.695,1.72,788526.6953125
Elgezabal,2,Levante Unión Deportiva SAD,596960,12485.592,2.09,609445.591796875
Raúl,4,Club Atlético Osasuna,599417,12485.592,2.08,611902.591796875
Ilyas,4,Real Oviedo SAD,818971,12436.014,1.52,831407.013671875
Iván Martín,3,Girona Fútbol Club SAD,3155538,12043.503,0.38,3167581.5029296875
T. Martinez,4,Deportivo Alavés SAD,1239235,12032.525,0.97,1251267.525390625
Kike Salas,2,Sevilla Fútbol Club SAD,861278,11205.462,1.3,872483.4619140625
Llorente ,2,Real Betis Balompié SAD,631461,11162.654,1.77,642623.654296875
Djene,2,Getafe Club de Fútbol SAD,2951757,10736.374,0.36,2962493.3740234375
Colombatto,3,Real Oviedo SAD,604997,10724.765,1.77,615721.7646484375
Oskarsson,4,Real Sociedad de Fútbol SAD,603697,10720.251,1.78,614417.2509765625
Sucic,3,Real Sociedad de Fútbol SAD,648866,10710.974,1.65,659576.9736328125
Héctor Fort,2,Elche Club de Fútbol SAD,758678,8975.095,1.18,767653.0947265625
D. Jiménez,2,Real Madrid Club de Fútbol,595396,7459.906,1.25,602855.9057617188
Turrientes,3,Real Sociedad de Fútbol SAD,609093,7459.906,1.22,616552.9057617188
H. Rincón,2,Girona Fútbol Club SAD,607142,7459.906,1.23,614601.9057617188
M. Román,3,Real Club Celta de Vigo SAD,806635,7345.5044,0.91,813980.5043945312
Javi López,2,Real Oviedo SAD,596466,6465.009,1.08,602931.0087890625
Jan Salas,3,Real Club Deportivo Mallorca SAD,471210,5258.3003,1.12,476468.30029296875
Olasagasti,3,Levante Unión Deportiva SAD,595769,5242.4443,0.88,601011.4443359375
Navarro,3,Athletic Club,846836,3319.9822,0.39,850155.9821777344
David Costas,2,Real Oviedo SAD,656210,3039.7507,0.46,659249.7507324219
Kiko F.,2,Getafe Club de Fútbol SAD,757264,2452.4446,0.32,759716.4445800781
David Carmo,2,Real Oviedo SAD,764219,2314.06,0.3,766533.0600585938
M. Casadó,3,Fútbol Club Barcelona,1096433,1982.0966,0.18,1098415.0965576172
Sibo,3,Real Oviedo SAD,597733,1933.2863,0.32,599666.2862548828
Selton,3,Athletic Club,594226,1933.2863,0.33,596159.2862548828
Antonio Sánchez,3,Real Club Deportivo Mallorca SAD,596191,1933.2863,0.32,598124.2862548828
Iker Muñoz,3,Club Atlético Osasuna,595992,1933.2863,0.32,597925.2862548828
Bakambu,4,Real Betis Balompié SAD,599572,1933.2863,0.32,601505.2862548828
F. Viñas,4,Real Oviedo SAD,606370,1933.2863,0.32,608303.2862548828
Calebe,3,Deportivo Alavés SAD,596191,1933.2863,0.32,598124.2862548828
Nacho Vidal,2,Real Oviedo SAD,601348,1373.8704,0.23,602721.8703613281
A. Reina,3,Real Oviedo SAD,598212,1373.8704,0.23,599585.8703613281
Ejuke,4,Sevilla Fútbol Club SAD,622975,911.86554,0.15,623886.8655395508
Lucas,2,Real Oviedo SAD,596335,737.9363,0.12,597072.9362792969
A. Rebbach,4,Deportivo Alavés SAD,595748,737.9363,0.12,596485.9362792969
V. Parada,2,Deportivo Alavés SAD,595972,737.9363,0.12,596709.9362792969
Morlanes,3,Real Club Deportivo Mallorca SAD,604022,737.9363,0.12,604759.9362792969
Balliu,2,Rayo Vallecano de Madrid SAD,597746,737.9363,0.12,598483.9362792969
Léo Pétrot,2,Elche Club de Fútbol SAD,595842,737.9363,0.12,596579.9362792969
Pedrosa,2,Elche Club de Fútbol SAD,596417,737.9363,0.12,597154.9362792969
David López,2,Girona Fútbol Club SAD,607128,737.9363,0.12,607865.9362792969
Ballestero,2,Deportivo Alavés SAD,594988,737.9363,0.12,595725.9362792969
Pedroarena,0,Deportivo Alavés SAD,594593,737.9363,0.12,595330.9362792969
Ibon Sánchez,0,Deportivo Alavés SAD,594593,737.9363,0.12,595330.9362792969
Adrián,0,Deportivo Alavés SAD,594593,737.9363,0.12,595330.9362792969
Monreal,2,Athletic Club,594988,737.9363,0.12,595725.9362792969
Sarasa,0,Athletic Club,595781,737.9363,0.12,596518.9362792969
Guridi,3,Deportivo Alavés SAD,601214,737.9363,0.12,601951.9362792969
Diaby,2,Elche Club de Fútbol SAD,595338,737.9363,0.12,596075.9362792969
Ramón Martínez,2,Sevilla Fútbol Club SAD,594954,737.9363,0.12,595691.9362792969
Yoel Lago,2,Real Club Celta de Vigo SAD,595228,737.9363,0.12,595965.9362792969
Lucas Núñez,3,Valencia Club de Fútbol SAD,594961,737.9363,0.12,595698.9362792969
Navarro,2,Valencia Club de Fútbol SAD,594961,737.9363,0.12,595698.9362792969
Manu G.,1,Real Betis Balompié SAD,594961,737.9363,0.12,595698.9362792969
Germán,1,Real Betis Balompié SAD,595415,737.9363,0.12,596152.9362792969
Folgado,1,Real Sociedad de Fútbol SAD,595415,737.9363,0.12,596152.9362792969
Montero,1,Deportivo Alavés SAD,595112,737.9363,0.12,595849.9362792969
Cardoso,2,Sevilla Fútbol Club SAD,602051,737.9363,0.12,602788.9362792969
Oso,2,Sevilla Fútbol Club SAD,598858,737.9363,0.12,599595.9362792969
Alex Costa,4,Sevilla Fútbol Club SAD,595254,737.9363,0.12,595991.9362792969
Jordán,3,Sevilla Fútbol Club SAD,596710,737.9363,0.12,597447.9362792969
Arnau Tenas,1,Villarreal Club de Fútbol SAD,608879,737.9363,0.12,609616.9362792969
Ramazani,4,Valencia Club de Fútbol SAD,615561,737.9363,0.12,616298.9362792969
Cheli,3,Real Oviedo SAD,594969,737.9363,0.12,595706.9362792969
Salhi,2,Real Club Deportivo Mallorca SAD,595084,737.9363,0.12,595821.9362792969
Bergstrom,1,Real Club Deportivo Mallorca SAD,601310,737.9363,0.12,602047.9362792969
J. Musso,1,Club Atlético de Madrid SAD,595523,737.9363,0.12,596260.9362792969
Maroan,4,Athletic Club,614087,737.9363,0.12,614824.9362792969
Unai G.,3,Athletic Club,595942,737.9363,0.12,596679.9362792969
Gorosabel,2,Athletic Club,601362,737.9363,0.12,602099.9362792969
Juanmi,4,Getafe Club de Fútbol SAD,606576,737.9363,0.12,607313.9362792969
Alemâo,4,Rayo Vallecano de Madrid SAD,614595,737.9363,0.12,615332.9362792969
Hugo Lopez,3,Villarreal Club de Fútbol SAD,594961,737.9363,0.12,595698.9362792969
Mykyta,4,Getafe Club de Fútbol SAD,595781,737.9363,0.12,596518.9362792969
Grady Diangana,4,Elche Club de Fútbol SAD,605000,737.9363,0.12,605737.9362792969
F. Garcés,2,Deportivo Alavés SAD,715812,737.9363,0.1,716549.9362792969
Kumbulla,2,Real Club Deportivo Mallorca SAD,598733,737.9363,0.12,599470.9362792969
Francés,2,Girona Fútbol Club SAD,596189,737.9363,0.12,596926.9362792969
Jofre,4,RCD Espanyol de Barcelona,596333,737.9363,0.12,597070.9362792969
Dani Calvo,2,Real Oviedo SAD,600097,737.9363,0.12,600834.9362792969
Álex Sancris,4,Getafe Club de Fútbol SAD,599003,737.9363,0.12,599740.9362792969
Javi Muñoz,3,Getafe Club de Fútbol SAD,598815,737.9363,0.12,599552.9362792969
Letacek,1,Getafe Club de Fútbol SAD,595379,737.9363,0.12,596116.9362792969
Y. Santiago,3,Elche Club de Fútbol SAD,595204,737.9363,0.12,595941.9362792969
Protesoni,3,Deportivo Alavés SAD,596871,737.9363,0.12,597608.9362792969
Kike Barja,4,Club Atlético Osasuna,595808,737.9363,0.12,596545.9362792969
Herrando,2,Club Atlético Osasuna,605973,737.9363,0.12,606710.9362792969
Juan Cruz,2,Club Atlético Osasuna,614426,737.9363,0.12,615163.9362792969
Carlos M.,3,Rayo Vallecano de Madrid SAD,595726,737.9363,0.12,596463.9362792969
Pickel,3,RCD Espanyol de Barcelona,598071,737.9363,0.12,598808.9362792969
Edu Altozano,3,Sevilla Fútbol Club SAD,595115,737.9363,0.12,595852.9362792969
Juanpe Gil,1,Rayo Vallecano de Madrid SAD,594997,737.9363,0.12,595734.9362792969
Joan Ruiz,3,Levante Unión Deportiva SAD,595235,737.9363,0.12,595972.9362792969
Nacho Perez,2,Levante Unión Deportiva SAD,595115,737.9363,0.12,595852.9362792969
Martin Krug,2,Levante Unión Deportiva SAD,595115,737.9363,0.12,595852.9362792969
Vilaplana,2,Getafe Club de Fútbol SAD,595115,737.9363,0.12,595852.9362792969
Iván,3,Real Betis Balompié SAD,595115,737.9363,0.12,595852.9362792969
Swiderski,1,Deportivo Alavés SAD,594969,737.9363,0.12,595706.9362792969
Aimar Blázquez,4,Valencia Club de Fútbol SAD,595078,737.9363,0.12,595815.9362792969
Alberto F.,1,Sevilla Fútbol Club SAD,595189,737.9363,0.12,595926.9362792969
Miguel Sierra,4,Sevilla Fútbol Club SAD,595189,737.9363,0.12,595926.9362792969
Stuani,4,Girona Fútbol Club SAD,599307,737.9363,0.12,600044.9362792969
Van De Beek,3,Girona Fútbol Club SAD,597182,737.9363,0.12,597919.9362792969
Abel Ruiz,4,Girona Fútbol Club SAD,596504,737.9363,0.12,597241.9362792969
Herrera,3,Real Sociedad de Fútbol SAD,617510,737.9363,0.12,618247.9362792969
Krapyvtsov,1,Girona Fútbol Club SAD,595165,737.9363,0.12,595902.9362792969
Abdón,4,Real Club Deportivo Mallorca SAD,596019,737.9363,0.12,596756.9362792969
Mascarell,3,Real Club Deportivo Mallorca SAD,615902,737.9363,0.12,616639.9362792969
Toni Lato,2,Real Club Deportivo Mallorca SAD,595589,737.9363,0.12,596326.9362792969
Pablo Durán,4,Real Club Celta de Vigo SAD,603963,737.9363,0.12,604700.9362792969
Franco Cervi,4,Real Club Celta de Vigo SAD,595765,737.9363,0.12,596502.9362792969
C. Dominguez,2,Real Club Celta de Vigo SAD,596106,737.9363,0.12,596843.9362792969
Ristic,2,Real Club Celta de Vigo SAD,595112,737.9363,0.12,595849.9362792969
Camello,4,Rayo Vallecano de Madrid SAD,598212,737.9363,0.12,598949.9362792969
Nteka,4,Rayo Vallecano de Madrid SAD,596321,737.9363,0.12,597058.9362792969
Pedro Díaz,3,Rayo Vallecano de Madrid SAD,603468,737.9363,0.12,604205.9362792969
Pacha,2,Rayo Vallecano de Madrid SAD,596603,737.9363,0.12,597340.9362792969
A. Mumin,0,Rayo Vallecano de Madrid SAD,595683,737.9363,0.12,596420.9362792969
D. Cárdenas,1,Rayo Vallecano de Madrid SAD,595266,737.9363,0.12,596003.9362792969
De Las Sias,2,Rayo Vallecano de Madrid SAD,595115,737.9363,0.12,595852.9362792969
Adrián Molina,1,Rayo Vallecano de Madrid SAD,595001,737.9363,0.12,595738.9362792969
Mauro,3,Club Atlético Osasuna,595089,737.9363,0.12,595826.9362792969
Mestre,1,Real Madrid Club de Fútbol,595143,737.9363,0.12,595880.9362792969
A. Osambela,3,Club Atlético Osasuna,594886,737.9363,0.12,595623.9362792969
R. Chasco,2,Club Atlético Osasuna,594970,737.9363,0.12,595707.9362792969
Stamatakis,1,Club Atlético Osasuna,594970,737.9363,0.12,595707.9362792969
Jon De Luis,2,Athletic Club,595115,737.9363,0.12,595852.9362792969
Davinchi,2,Getafe Club de Fútbol SAD,600712,737.9363,0.12,601449.9362792969
Thiago Pitarch,3,Real Madrid Club de Fútbol,595290,737.9363,0.12,596027.9362792969
Jano,3,Club Atlético de Madrid SAD,595001,737.9363,0.12,595738.9362792969
E. Bailly,2,Real Oviedo SAD,597689,737.9363,0.12,598426.9362792969
Adrián,1,Real Betis Balompié SAD,595623,737.9363,0.12,596360.9362792969
Asano,4,Real Club Deportivo Mallorca SAD,597372,737.9363,0.12,598109.9362792969
Marcao,2,Sevilla Fútbol Club SAD,601814,737.9363,0.12,602551.9362792969
Zakharyan,3,Real Sociedad de Fútbol SAD,597801,737.9363,0.12,598538.9362792969
Odriozola,2,Real Sociedad de Fútbol SAD,596354,737.9363,0.12,597091.9362792969
Aihen,2,Real Sociedad de Fútbol SAD,597480,737.9363,0.12,598217.9362792969
Aritz,2,Real Sociedad de Fútbol SAD,596617,737.9363,0.12,597354.9362792969
Alaba,2,Real Madrid Club de Fútbol,601658,737.9363,0.12,602395.9362792969
F. Mendy,2,Real Madrid Club de Fútbol,602123,737.9363,0.12,602860.9362792969
Prados,3,Athletic Club,596874,737.9363,0.12,597611.9362792969
Sow,3,Sevilla Fútbol Club SAD,606481,737.9363,0.12,607218.9362792969
Adam B.,3,Elche Club de Fútbol SAD,595412,737.9363,0.12,596149.9362792969
Rayane,4,Club Atlético de Madrid SAD,595585,737.9363,0.12,596322.9362792969
Javi Serrano,3,Club Atlético de Madrid SAD,595754,737.9363,0.12,596491.9362792969
Bladi,0,Club Atlético de Madrid SAD,595412,737.9363,0.12,596149.9362792969
Taufik Seidu,0,Club Atlético de Madrid SAD,595172,737.9363,0.12,595909.9362792969
M. Santos,1,Athletic Club,595412,737.9363,0.12,596149.9362792969
Kamara,4,Getafe Club de Fútbol SAD,603664,737.9363,0.12,604401.9362792969
Lunin,1,Real Madrid Club de Fútbol,598782,737.9363,0.12,599519.9362792969
Mariano,4,Deportivo Alavés SAD,601127,737.9363,0.12,601864.9362792969
Diego Conde,1,Villarreal Club de Fútbol SAD,600093,737.9363,0.12,600830.9362792969
Fran Pérez,3,Rayo Vallecano de Madrid SAD,607604,737.9363,0.12,608341.9362792969
Cömert,2,Valencia Club de Fútbol SAD,596143,737.9363,0.12,596880.9362792969
J. Vázquez,2,Valencia Club de Fútbol SAD,607450,737.9363,0.12,608187.9362792969
Dimitrievski,1,Valencia Club de Fútbol SAD,600408,737.9363,0.12,601145.9362792969
Andreev,1,Girona Fútbol Club SAD,596631,737.9363,0.12,597368.9362792969
Thierry Correia,2,Valencia Club de Fútbol SAD,601770,737.9363,0.12,602507.9362792969
A. Rahim,2,Real Oviedo SAD,598188,737.9363,0.12,598925.9362792969
Albert,2,Elche Club de Fútbol SAD,595419,737.9363,0.12,596156.9362792969
A. Iturbe,1,Elche Club de Fútbol SAD,595254,737.9363,0.12,595991.9362792969
Pablo García,4,Real Betis Balompié SAD,604282,737.9363,0.12,605019.9362792969
Á. Ortiz,2,Real Betis Balompié SAD,597388,737.9363,0.12,598125.9362792969
D. Pérez,3,Real Betis Balompié SAD,595251,737.9363,0.12,595988.9362792969
Nianzou,2,Sevilla Fútbol Club SAD,595996,737.9363,0.12,596733.9362792969
Gibi,2,Girona Fútbol Club SAD,594969,737.9363,0.12,595706.9362792969
L. Pinillos,3,Deportivo Alavés SAD,594990,737.9363,0.12,595727.9362792969
Redondo,3,Elche Club de Fútbol SAD,599137,737.9363,0.12,599874.9362792969
Cabanes,4,Villarreal Club de Fútbol SAD,595161,737.9363,0.12,595898.9362792969
J. Ives Valou,2,Villarreal Club de Fútbol SAD,594990,737.9363,0.12,595727.9362792969
Pau Navarro,2,Villarreal Club de Fútbol SAD,596504,737.9363,0.12,597241.9362792969
Ruben,1,Villarreal Club de Fútbol SAD,594990,737.9363,0.12,595727.9362792969
Otorbi,4,Valencia Club de Fútbol SAD,595161,737.9363,0.12,595898.9362792969
Rubo,2,Valencia Club de Fútbol SAD,595077,737.9363,0.12,595814.9362792969
David Delgado,2,Elche Club de Fútbol SAD,594865,737.9363,0.12,595602.9362792969
Lamine Gueye,4,Real Oviedo SAD,595246,737.9363,0.12,595983.9362792969
Marrero,1,Real Sociedad de Fútbol SAD,595220,737.9363,0.12,595957.9362792969
Kambwala,0,Villarreal Club de Fútbol SAD,599942,737.9363,0.12,600679.9362792969
Costa,0,Villarreal Club de Fútbol SAD,596562,737.9363,0.12,597299.9362792969
R. Terrats,3,RCD Espanyol de Barcelona,611460,737.9363,0.12,612197.9362792969
Vencedor,3,Levante Unión Deportiva SAD,596098,737.9363,0.12,596835.9362792969
Manu Bueno,3,Sevilla Fútbol Club SAD,595416,737.9363,0.12,596153.9362792969
Ejaria,4,Real Oviedo SAD,595246,737.9363,0.12,595983.9362792969
Marco Esteban,2,Real Oviedo SAD,595333,737.9363,0.12,596070.9362792969
Omar Falah,2,Real Oviedo SAD,595416,737.9363,0.12,596153.9362792969
Januzaj,3,Sevilla Fútbol Club SAD,599662,737.9363,0.12,600399.9362792969
M. Narváez,1,Real Oviedo SAD,596053,737.9363,0.12,596790.9362792969
A. Castrín,2,Sevilla Fútbol Club SAD,600531,737.9363,0.12,601268.9362792969
Becerra,3,Rayo Vallecano de Madrid SAD,595077,737.9363,0.12,595814.9362792969
Denis Suárez,3,Deportivo Alavés SAD,602656,737.9363,0.12,603393.9362792969
Joel Roca,4,Girona Fútbol Club SAD,603446,737.9363,0.12,604183.9362792969
Papa,3,Girona Fútbol Club SAD,594969,737.9363,0.12,595706.9362792969
Barry,0,Fútbol Club Barcelona,594865,737.9363,0.12,595602.9362792969
Iker Losada,4,Levante Unión Deportiva SAD,597252,737.9363,0.12,597989.9362792969
Toni Fernández,4,Fútbol Club Barcelona,595162,737.9363,0.12,595899.9362792969
Guille Fernández,3,Fútbol Club Barcelona,595170,737.9363,0.12,595907.9362792969
Jofre,2,Fútbol Club Barcelona,595272,737.9363,0.12,596009.9362792969
Kochen,1,Fútbol Club Barcelona,596434,737.9363,0.12,597171.9362792969
Izeta,4,Athletic Club,596374,737.9363,0.12,597111.9362792969
Rego,2,Athletic Club,595677,737.9363,0.12,596414.9362792969
Padilla,1,Athletic Club,596658,737.9363,0.12,597395.9362792969
Esquivel,1,Club Atlético de Madrid SAD,594990,737.9363,0.12,595727.9362792969
Marc Jurado,0,,592223,737.9363,0.12,592960.9362792969
Lass,3,Girona Fútbol Club SAD,596178,737.9363,0.12,596915.9362792969
Eder Aller,1,Fútbol Club Barcelona,595781,737.9363,0.12,596518.9362792969
Félix,0,Fútbol Club Barcelona,596178,737.9363,0.12,596915.9362792969
J. Benito,0,Getafe Club de Fútbol SAD,595386,737.9363,0.12,596123.9362792969
Ferrer,1,Getafe Club de Fútbol SAD,595386,737.9363,0.12,596123.9362792969
P. Meixus,0,Real Club Celta de Vigo SAD,590992,737.9363,0.12,591729.9362792969
Nyom,2,Getafe Club de Fútbol SAD,596850,737.9363,0.12,597587.9362792969
A. Martinez,0,Getafe Club de Fútbol SAD,595068,737.9363,0.12,595805.9362792969
R. Arroyo,0,Real Club Celta de Vigo SAD,592072,737.9363,0.12,592809.9362792969
Juan Carlos,1,Girona Fútbol Club SAD,596256,737.9363,0.12,596993.9362792969
Trejo,3,Rayo Vallecano de Madrid SAD,598350,737.9363,0.12,599087.9362792969
C. Espí,4,Levante Unión Deportiva SAD,595502,737.9363,0.12,596239.9362792969
A. J. Morales,4,Levante Unión Deportiva SAD,611028,737.9363,0.12,611765.9362792969
Paco Cortes,4,Levante Unión Deportiva SAD,595416,737.9363,0.12,596153.9362792969
Pampin,3,Levante Unión Deportiva SAD,595246,737.9363,0.12,595983.9362792969
Gumbau,3,Rayo Vallecano de Madrid SAD,596754,737.9363,0.12,597491.9362792969
Rubén S.,3,RCD Espanyol de Barcelona,596388,737.9363,0.12,597125.9362792969
Aidoo Jr,2,Real Club Celta de Vigo SAD,597048,737.9363,0.12,597785.9362792969
Miguel Rubio,2,RCD Espanyol de Barcelona,598698,737.9363,0.12,599435.9362792969
Salinas,2,RCD Espanyol de Barcelona,595947,737.9363,0.12,596684.9362792969
Morey,2,Real Club Deportivo Mallorca SAD,598783,737.9363,0.12,599520.9362792969
Luiz Felipe,2,Rayo Vallecano de Madrid SAD,606668,737.9363,0.12,607405.9362792969
V. Chust,2,Elche Club de Fútbol SAD,598894,737.9363,0.12,599631.9362792969
Arguibide,2,Club Atlético Osasuna,593146,737.9363,0.12,593883.9362792969
Sierra,0,Fútbol Club Barcelona,594865,737.9363,0.12,595602.9362792969
Adama,2,Athletic Club,595412,737.9363,0.12,596149.9362792969
C. Rivero,1,Valencia Club de Fútbol SAD,595272,737.9363,0.12,596009.9362792969
I. Lekue,2,Athletic Club,598767,737.9363,0.12,599504.9362792969
Víctor G.,2,Levante Unión Deportiva SAD,596027,737.9363,0.12,596764.9362792969
Cayetano,1,Levante Unión Deportiva SAD,594990,737.9363,0.12,595727.9362792969
A. Primo,1,Levante Unión Deportiva SAD,597746,737.9363,0.12,598483.9362792969
P. Campos,1,Levante Unión Deportiva SAD,601855,737.9363,0.12,602592.9362792969
Marín,3,Real Sociedad de Fútbol SAD,602774,737.9363,0.12,603511.9362792969
Joselu,4,Getafe Club de Fútbol SAD,595077,737.9363,0.12,595814.9362792969
Ismael,2,Getafe Club de Fútbol SAD,596206,737.9363,0.12,596943.9362792969
Risco,3,Getafe Club de Fútbol SAD,595161,737.9363,0.12,595898.9362792969
Olaizola,2,Real Club Deportivo Mallorca SAD,594865,737.9363,0.12,595602.9362792969
Tristán,1,RCD Espanyol de Barcelona,594905,737.9363,0.12,595642.9362792969
J. Vertrouwd,2,Rayo Vallecano de Madrid SAD,595723,737.9363,0.12,596460.9362792969
Rafa Romero,1,Sevilla Fútbol Club SAD,594990,737.9363,0.12,595727.9362792969
El-Abdellaoui,4,Real Club Celta de Vigo SAD,596224,737.9363,0.12,596961.9362792969
Manuel Fernández,2,Real Club Celta de Vigo SAD,598911,737.9363,0.12,599648.9362792969
Diego Aguado,2,Real Madrid Club de Fútbol,595376,737.9363,0.12,596113.9362792969
Fortea,0,Real Madrid Club de Fútbol,595309,737.9363,0.12,596046.9362792969
S. Cazorla,3,Real Oviedo SAD,607362,737.9363,0.12,608099.9362792969
Youssef,2,Deportivo Alavés SAD,595576,737.9363,0.12,596313.9362792969
Raúl Fernández,1,Deportivo Alavés SAD,595240,737.9363,0.12,595977.9362792969
A. Fortuño,1,RCD Espanyol de Barcelona,595604,737.9363,0.12,596341.9362792969
A. Roca,3,RCD Espanyol de Barcelona,594982,737.9363,0.12,595719.9362792969
I. Benito,4,Club Atlético Osasuna,595722,737.9363,0.12,596459.9362792969
A. Fores,4,Real Oviedo SAD,595263,737.9363,0.12,596000.9362792969
Ilic,3,Real Oviedo SAD,598010,737.9363,0.12,598747.9362792969
Javi Navarro,0,Real Club Deportivo Mallorca SAD,594865,737.9363,0.12,595602.9362792969
Josan,3,Elche Club de Fútbol SAD,596456,737.9363,0.12,597193.9362792969
Kostis,2,Club Atlético de Madrid SAD,595181,737.9363,0.12,595918.9362792969
Cuéllar,1,Real Club Deportivo Mallorca SAD,595474,737.9363,0.12,596211.9362792969
Moldovan,1,Real Oviedo SAD,596207,737.9363,0.12,596944.9362792969
Javi Llabrés,4,Real Club Deportivo Mallorca SAD,595386,737.9363,0.12,596123.9362792969
Morcillo,4,Deportivo Alavés SAD,595386,737.9363,0.12,596123.9362792969
Marc Vidal,0,Real Sociedad de Fútbol SAD,595482,737.9363,0.12,596219.9362792969
Lebarbier,0,Real Club Deportivo Mallorca SAD,594476,737.9363,0.12,595213.9362792969
O. Rey,3,Levante Unión Deportiva SAD,598700,737.9363,0.12,599437.9362792969
Fraga,1,Real Sociedad de Fútbol SAD,600205,737.9363,0.12,600942.9362792969
Karrikaburu,4,Real Sociedad de Fútbol SAD,596321,737.9363,0.12,597058.9362792969
Panach,2,Valencia Club de Fútbol SAD,589357,737.9363,0.13,590094.9362792969
Alex Marchal,0,Valencia Club de Fútbol SAD,592223,737.9363,0.12,592960.9362792969
Pablo Agudín,4,Real Oviedo SAD,589357,737.9363,0.13,590094.9362792969
Nil,1,Real Club Deportivo Mallorca SAD,589357,737.9363,0.13,590094.9362792969
Roson,0,Real Club Deportivo Mallorca SAD,590992,737.9363,0.12,591729.9362792969
Huseini,2,Levante Unión Deportiva SAD,590992,737.9363,0.12,591729.9362792969
Iván Villar,1,Real Club Celta de Vigo SAD,595842,737.9363,0.12,596579.9362792969
Vesga,3,Athletic Club,596402,737.9363,0.12,597139.9362792969
Juan Hernández,3,Fútbol Club Barcelona,595491,737.9363,0.12,596228.9362792969
Xavi Espart,2,Fútbol Club Barcelona,595491,737.9363,0.12,596228.9362792969
Salguero,2,Girona Fútbol Club SAD,590992,737.9363,0.12,591729.9362792969
Pol Arnau,2,Girona Fútbol Club SAD,590992,737.9363,0.12,591729.9362792969
Yassin T.,0,Girona Fútbol Club SAD,590992,737.9363,0.12,591729.9362792969
Lucas Laso,2,Getafe Club de Fútbol SAD,590992,737.9363,0.12,591729.9362792969
Nordin Al-Lal,0,Getafe Club de Fútbol SAD,590992,737.9363,0.12,591729.9362792969
Egoitz M.l.,2,Deportivo Alavés SAD,590992,737.9363,0.12,591729.9362792969
Álvaro García,0,Deportivo Alavés SAD,590992,737.9363,0.12,591729.9362792969
H. González,3,Real Club Celta de Vigo SAD,590992,737.9363,0.12,591729.9362792969
Óscar Marcos,0,Real Club Celta de Vigo SAD,595303,737.9363,0.12,596040.9362792969
Portu,4,Girona Fútbol Club SAD,596950,737.9363,0.12,597687.9362792969
Guevara,3,Deportivo Alavés SAD,597556,737.9363,0.12,598293.9362792969
Aitor Fdez,1,Club Atlético Osasuna,596082,737.9363,0.12,596819.9362792969
Beitia,2,Real Sociedad de Fútbol SAD,594088,737.9363,0.12,594825.9362792969
R. Brugué,4,Levante Unión Deportiva SAD,603073,737.9363,0.12,603810.9362792969
Fran González,1,Real Madrid Club de Fútbol,595116,737.9363,0.12,595853.9362792969
John C.,2,Elche Club de Fútbol SAD,595683,737.9363,0.12,596420.9362792969
Nyland,1,Sevilla Fútbol Club SAD,620607,619.6779,0.1,621226.6779174805
Peque,4,Sevilla Fútbol Club SAD,598223,448.0448,0.07,598671.0447998047
David López,2,Real Club Deportivo Mallorca SAD,595427,384.79462,0.06,595811.7946166992
Pacheco,2,Deportivo Alavés SAD,619720,329.78644,0.05,620049.7864379883
Javi Galán,2,Club Atlético Osasuna,2894033,-88.57747,-0.0,2893944.422531128
Fran Beltrán,3,Girona Fútbol Club SAD,626666,-332.2944,-0.05,626333.7055969238
Matías Moreno,2,Levante Unión Deportiva SAD,635631,-332.2944,-0.05,635298.7055969238
Mario Martín,3,Getafe Club de Fútbol SAD,637180,-332.2944,-0.05,636847.7055969238
D. Ceballos,3,Real Madrid Club de Fútbol,633007,-332.2944,-0.05,632674.7055969238
Fran García,2,Real Madrid Club de Fútbol,621714,-332.2944,-0.05,621381.7055969238
Kike García,4,RCD Espanyol de Barcelona,630072,-332.2944,-0.05,629739.7055969238
Alfon,4,Villarreal Club de Fútbol SAD,638904,-332.2944,-0.05,638571.7055969238
Oluwaseyi,4,Villarreal Club de Fútbol SAD,638876,-332.2944,-0.05,638543.7055969238
Arriaga,3,Levante Unión Deportiva SAD,626398,-332.2944,-0.05,626065.7055969238
Hugo Alvarez,3,Real Club Celta de Vigo SAD,622782,-332.2944,-0.05,622449.7055969238
Christensen,2,Fútbol Club Barcelona,644462,-1036.6824,-0.16,643425.3176269531
Pol Lozano,3,RCD Espanyol de Barcelona,640060,-1036.6824,-0.16,639023.3176269531
Nelson Deossa,3,Real Betis Balompié SAD,640098,-1036.6824,-0.16,639061.3176269531
Urko,3,RCD Espanyol de Barcelona,646959,-1036.6824,-0.16,645922.3176269531
Alan Matturro,2,Levante Unión Deportiva SAD,604202,-1272.7657,-0.21,602929.2342529297
Gudelj,3,Sevilla Fútbol Club SAD,651139,-1601.0145,-0.25,649537.9854736328
Ruggeri,2,Club Atlético de Madrid SAD,3223614,-2099.2795,-0.07,3221514.7204589844
André Silva,4,Elche Club de Fútbol SAD,2041958,-2226.51,-0.11,2039731.4899902344
Marc Roca,3,Real Betis Balompié SAD,1656192,-2306.6418,-0.14,1653885.3581542969
P. Martínez,3,Levante Unión Deportiva SAD,677919,-2886.717,-0.43,675032.2829589844
Ugrinic,3,Valencia Club de Fútbol SAD,683024,-2886.717,-0.42,680137.2829589844
Hassan,3,Real Oviedo SAD,1155582,-2998.383,-0.26,1152583.6169433594
Remiro,1,Real Sociedad de Fútbol SAD,4993164,-3236.047,-0.06,4989927.952880859
Torró,3,Club Atlético Osasuna,696067,-3446.133,-0.5,692620.8669433594
Caleta-Car,2,Real Sociedad de Fútbol SAD,653381,-3587.03,-0.55,649793.9699707031
Rodríguez,2,Real Betis Balompié SAD,944626,-3824.9216,-0.4,940801.0783691406
Juan Iglesias,2,Getafe Club de Fútbol SAD,814812,-3993.2805,-0.49,810818.7194824219
Foulquier,2,Valencia Club de Fútbol SAD,661230,-4082.0671,-0.62,657147.9328613281
Raba,4,Valencia Club de Fútbol SAD,664391,-4082.0671,-0.61,660308.9328613281
Abel Bretones,2,Club Atlético Osasuna,691293,-4082.0671,-0.59,687210.9328613281
Almeida,3,Valencia Club de Fútbol SAD,698249,-4082.0671,-0.58,694166.9328613281
Copete,2,Valencia Club de Fútbol SAD,703955,-4082.0671,-0.58,699872.9328613281
Azpilicueta,2,Sevilla Fútbol Club SAD,687938,-4082.0671,-0.59,683855.9328613281
I. Akhomach,4,Rayo Vallecano de Madrid SAD,653907,-4082.0671,-0.62,649824.9328613281
Jeremy Toljan,2,Levante Unión Deportiva SAD,719258,-4082.0671,-0.57,715175.9328613281
Manu Sánchez,2,Levante Unión Deportiva SAD,669729,-4082.0671,-0.61,665646.9328613281
Sadiq,4,Valencia Club de Fútbol SAD,661006,-4082.0671,-0.62,656923.9328613281
M. Dituro,1,Elche Club de Fútbol SAD,671250,-4082.0671,-0.61,667167.9328613281
Óscar Valentín,3,Rayo Vallecano de Madrid SAD,717215,-4082.0671,-0.57,713132.9328613281
Moi Gómez,3,Club Atlético Osasuna,712430,-4082.0671,-0.57,708347.9328613281
Diakhaby,2,Valencia Club de Fútbol SAD,663570,-4082.0671,-0.62,659487.9328613281
A. Abqar,2,Getafe Club de Fútbol SAD,693785,-4082.0671,-0.59,689702.9328613281
Riedel,2,RCD Espanyol de Barcelona,715755,-4082.0671,-0.57,711672.9328613281
Gavi,3,Fútbol Club Barcelona,668122,-4082.0671,-0.61,664039.9328613281
Juanlu,3,Sevilla Fútbol Club SAD,699037,-4082.0671,-0.58,694954.9328613281
Santamaría,3,Valencia Club de Fútbol SAD,652128,-4082.0671,-0.63,648045.9328613281
Jon Martin,2,Real Sociedad de Fútbol SAD,707562,-4371.9585,-0.62,703190.0415039062
Ibañez,3,Deportivo Alavés SAD,972160,-4483.6245,-0.46,967676.3754882812
Lenglet,2,Club Atlético de Madrid SAD,756906,-4710.6675,-0.62,752195.3325195312
Dendoncker,3,Real Oviedo SAD,755944,-4710.6675,-0.62,751233.3325195312
Javi Rodríguez,2,Real Club Celta de Vigo SAD,658107,-4821.8794,-0.73,653285.1206054688
Dela,2,Levante Unión Deportiva SAD,813351,-4822.3335,-0.59,808528.6665039062
Mendy,3,Sevilla Fútbol Club SAD,762657,-4938.7446,-0.65,757718.2553710938
Ferran Jutglà,4,Real Club Celta de Vigo SAD,768840,-5248.901,-0.68,763591.0991210938
Parejo,3,Villarreal Club de Fútbol SAD,871622,-5360.567,-0.62,866261.4331054688
Pablo Torre,3,Real Club Deportivo Mallorca SAD,742687,-5450.48,-0.73,737236.5200195312
Á. Valles,1,Real Betis Balompié SAD,2667794,-5450.7305,-0.2,2662343.26953125
Bardghji,4,Fútbol Club Barcelona,780890,-6056.5283,-0.78,774833.4716796875
Junior,2,Real Betis Balompié SAD,777212,-6056.5283,-0.78,771155.4716796875
Blanco,3,Deportivo Alavés SAD,2543723,-6186.627,-0.24,2537536.373046875
Domingos Duarte,2,Getafe Club de Fútbol SAD,1081193,-6287.2715,-0.58,1074905.728515625
Aramburu,2,Real Sociedad de Fútbol SAD,785345,-6520.3228,-0.83,778824.6772460938
Bryan Gil,4,Girona Fútbol Club SAD,1837325,-7925.3877,-0.43,1829399.6123046875
Mateo Joseph,4,Real Club Deportivo Mallorca SAD,785358,-8144.3535,-1.04,777213.646484375
Gazzaniga,1,Girona Fútbol Club SAD,1631959,-8386.07,-0.51,1623572.9296875
Samu Costa,3,Real Club Deportivo Mallorca SAD,1311921,-8811.177,-0.67,1303109.8232421875
Szczesny,1,Fútbol Club Barcelona,853560,-9369.789,-1.1,844190.2109375
Rico,2,Getafe Club de Fútbol SAD,852114,-9369.789,-1.1,842744.2109375
Pau López,1,Real Betis Balompié SAD,867384,-9369.789,-1.08,858014.2109375
Vlachodimos,1,Sevilla Fútbol Club SAD,1602563,-9964.387,-0.62,1592598.61328125
Thomas Partey,3,Villarreal Club de Fútbol SAD,875036,-10072.992,-1.15,864963.0078125
M. Aguado,3,Elche Club de Fútbol SAD,873480,-10072.992,-1.15,863407.0078125
F. Mastantuono,4,Real Madrid Club de Fútbol,7503147,-10498.086,-0.14,7492648.9140625
Molina,2,Club Atlético de Madrid SAD,839901,-10810.699,-1.29,829090.30078125
Pepelu,3,Valencia Club de Fútbol SAD,4995212,-11196.123,-0.22,4984015.876953125
Williot,3,Real Club Celta de Vigo SAD,955242,-12269.925,-1.28,942972.0751953125
Starfelt,2,Real Club Celta de Vigo SAD,4426594,-13426.999,-0.3,4413167.0009765625
Zubeldia,2,Real Sociedad de Fútbol SAD,2696216,-13653.245,-0.51,2682562.7548828125
Aitor Ruibal,4,Real Betis Balompié SAD,1687317,-13861.288,-0.82,1673455.7119140625
Aleñá,3,Deportivo Alavés SAD,2394786,-14648.144,-0.61,2380137.8564453125
Carreira,2,Real Club Celta de Vigo SAD,1557405,-15056.639,-0.97,1542348.361328125
Akor,4,Sevilla Fútbol Club SAD,1567634,-15056.639,-0.96,1552577.361328125
Gayá,2,Valencia Club de Fútbol SAD,979458,-15110.533,-1.54,964347.466796875
Altimira,3,Real Betis Balompié SAD,993868,-15110.533,-1.52,978757.466796875
Isaac,4,Sevilla Fútbol Club SAD,971940,-15110.533,-1.55,956829.466796875
Leo Román,1,Real Club Deportivo Mallorca SAD,1543190,-15346.53,-0.99,1527843.4697265625
Ilaix Moriba,3,Real Club Celta de Vigo SAD,1052267,-16037.896,-1.52,1036229.103515625
Maffeo,2,Real Club Deportivo Mallorca SAD,1048539,-16037.896,-1.53,1032501.103515625
Ryan,1,Levante Unión Deportiva SAD,1708011,-18296.719,-1.07,1689714.28125
Hugo Sotelo,3,Real Club Celta de Vigo SAD,1117207,-19299.527,-1.73,1097907.47265625
Martim Neto,3,Elche Club de Fútbol SAD,4259897,-19953.877,-0.47,4239943.123046875
Iñaki Peña,1,Elche Club de Fútbol SAD,1556564,-21696.209,-1.39,1534867.791015625
Alexis Sánchez,4,Sevilla Fútbol Club SAD,1168918,-22113.04,-1.89,1146804.9609375
Valentín Gómez,2,Real Betis Balompié SAD,1201652,-22113.04,-1.84,1179538.9609375
Jan Virgili,4,Real Club Deportivo Mallorca SAD,6997330,-22289.996,-0.32,6975040.00390625
Riquelme,3,Real Betis Balompié SAD,1282315,-26580.525,-2.07,1255734.474609375
Le Normand,2,Club Atlético de Madrid SAD,7814340,-26597.486,-0.34,7787742.513671875
Johnny,3,Club Atlético de Madrid SAD,1808690,-28712.893,-1.59,1779977.107421875
A. Liso,4,Getafe Club de Fútbol SAD,1368336,-29035.736,-2.12,1339300.263671875
Valjent,2,Real Club Deportivo Mallorca SAD,2266947,-30694.742,-1.35,2236252.2578125
Sivera,1,Deportivo Alavés SAD,2433007,-33635.055,-1.38,2399371.9453125
Suazo,2,Sevilla Fútbol Club SAD,1540283,-34162.61,-2.22,1506120.390625
R.P. Bigas,2,Elche Club de Fútbol SAD,1646670,-34492.062,-2.09,1612177.9375
R. Araujo,2,Fútbol Club Barcelona,2793216,-34505.25,-1.24,2758710.75
Witsel,3,Girona Fútbol Club SAD,1521735,-35063.215,-2.3,1486671.78515625
F. Calero,2,RCD Espanyol de Barcelona,3182700,-35300.902,-1.11,3147399.09765625
El Hilali,2,RCD Espanyol de Barcelona,1635664,-35392.668,-2.16,1600271.33203125
A. Pedraza,2,Villarreal Club de Fútbol SAD,1743965,-35392.668,-2.03,1708572.33203125
Laporte,2,Athletic Club,7371770,-37350.668,-0.51,7334419.33203125
I. Romero,4,Levante Unión Deportiva SAD,2142993,-37972.848,-1.77,2105020.15234375
German V.,3,Elche Club de Fútbol SAD,54682987,-38148.797,-0.07,54644838.203125
Jonny Otto,2,Deportivo Alavés SAD,1707556,-39746.617,-2.33,1667809.3828125
Amrabat,3,Real Betis Balompié SAD,1618907,-41317.74,-2.55,1577589.26171875
Gonzalo,4,Real Madrid Club de Fútbol,2754160,-42341.785,-1.54,2711818.21484375
Agoumé,3,Sevilla Fútbol Club SAD,2186229,-44362.746,-2.03,2141866.25390625
Ter Stegen,1,Girona Fútbol Club SAD,2048671,-44699.92,-2.18,2003971.078125
B. Mayoral,4,Getafe Club de Fútbol SAD,1710827,-47609.863,-2.78,1663217.13671875
Alex Moreno,2,Girona Fútbol Club SAD,1993831,-48044.004,-2.41,1945786.99609375
Iago Aspas,4,Real Club Celta de Vigo SAD,2768044,-48134.043,-1.74,2719909.95703125
Roberto,4,RCD Espanyol de Barcelona,11911016,-48388.84,-0.41,11862627.16015625
V. Rosier,2,Club Atlético Osasuna,2854059,-48633.91,-1.7,2805425.08984375
Almada,3,Club Atlético de Madrid SAD,5545298,-50014.453,-0.9,5495283.546875
Pathé I. Ciss,3,Rayo Vallecano de Madrid SAD,2143235,-50541.676,-2.36,2092693.32421875
Diego López,4,Valencia Club de Fútbol SAD,2163803,-51062.508,-2.36,2112740.4921875
Areso,2,Athletic Club,2483787,-51062.508,-2.06,2432724.4921875
Javi Guerra,3,Valencia Club de Fútbol SAD,2101651,-51805.15,-2.46,2049845.8515625
C. Alvarez,3,Levante Unión Deportiva SAD,6125134,-52059.004,-0.85,6073074.99609375
Javi Rueda,2,Real Club Celta de Vigo SAD,2946642,-53982.74,-1.83,2892659.26171875
Hugo Duro,4,Valencia Club de Fútbol SAD,3372004,-56094.598,-1.66,3315909.40234375
Unai Lopez,3,Rayo Vallecano de Madrid SAD,2825275,-57565.465,-2.04,2767709.53515625
Trent,2,Real Madrid Club de Fútbol,7428545,-58625.547,-0.79,7369919.453125
Paredes,2,Athletic Club,5418245,-59218.25,-1.09,5359026.75
Aimar,3,Club Atlético Osasuna,3819092,-59790.55,-1.57,3759301.44921875
Carvajal,2,Real Madrid Club de Fútbol,4113414,-62233.836,-1.51,4051180.1640625
J. M. Giménez,2,Club Atlético de Madrid SAD,4654088,-62800.977,-1.35,4591287.0234375
David Soria,1,Getafe Club de Fútbol SAD,5286923,-62916.773,-1.19,5224006.2265625
N. Mendy,2,Rayo Vallecano de Madrid SAD,3050573,-64247.71,-2.11,2986325.2890625
Tárrega,2,Valencia Club de Fútbol SAD,3327555,-69727.336,-2.1,3257827.6640625
Puado,3,RCD Espanyol de Barcelona,2623480,-69727.336,-2.66,2553752.6640625
Vanat,4,Girona Fútbol Club SAD,5208301,-70323.44,-1.35,5137977.5625
O. Mingueza,2,Real Club Celta de Vigo SAD,5578811,-73248.76,-1.31,5505562.2421875
Moncayola,3,Club Atlético Osasuna,5454104,-75980.39,-1.39,5378123.609375
Dolan,4,RCD Espanyol de Barcelona,3520223,-76233.836,-2.17,3443989.1640625
Raíllo,2,Real Club Deportivo Mallorca SAD,3602532,-76615.586,-2.13,3525916.4140625
Yuri,2,Athletic Club,7968868,-83117.516,-1.04,7885750.484375
Nico Williams,4,Athletic Club,59236548,-85110.67,-0.14,59151437.328125
Ounahi,3,Girona Fútbol Club SAD,5513581,-85243.38,-1.55,5428337.6171875
Sørloth,4,Club Atlético de Madrid SAD,10429791,-88369.16,-0.85,10341421.84375
Agirrezabala,1,Valencia Club de Fútbol SAD,3360297,-88711.65,-2.64,3271585.3515625
Tsygankov,4,Girona Fútbol Club SAD,6641010,-95059.7,-1.43,6545950.296875
Carmona,2,Sevilla Fútbol Club SAD,4307965,-96714.555,-2.25,4211250.4453125
Unai Simón,1,Athletic Club,9535598,-100541.484,-1.05,9435056.515625
Cardona,2,Villarreal Club de Fútbol SAD,5051617,-103739.04,-2.05,4947877.9609375
Nico Gonzalez,3,Club Atlético de Madrid SAD,7118103,-104297.39,-1.47,7013805.609375
Isi,4,Rayo Vallecano de Madrid SAD,10358386,-112476.61,-1.09,10245909.390625
Renato Veiga,2,Villarreal Club de Fútbol SAD,10318686,-113646.28,-1.1,10205039.71875
J. Mojica,2,Real Club Deportivo Mallorca SAD,6078872,-115951.74,-1.91,5962920.2578125
Mouriño,2,Villarreal Club de Fútbol SAD,7110283,-123055.91,-1.73,6987227.09375
Koke,3,Club Atlético de Madrid SAD,19642347,-136083.05,-0.69,19506263.953125
Rüdiger,2,Real Madrid Club de Fútbol,14254476,-144730.77,-1.02,14109745.234375
Bellerín,2,Real Betis Balompié SAD,5298397,-146215.19,-2.76,5152181.8125
Rafa Marín,2,Villarreal Club de Fútbol SAD,9710187,-150756.81,-1.55,9559430.1875
Ionut Radu,1,Real Club Celta de Vigo SAD,13908414,-159832.95,-1.15,13748581.046875
A. Batalla,1,Rayo Vallecano de Madrid SAD,8971001,-159989.83,-1.78,8811011.171875
Dmitrovic,1,RCD Espanyol de Barcelona,10180866,-160878.33,-1.58,10019987.671875
Isco,3,Real Betis Balompié SAD,11341343,-161518.7,-1.42,11179824.296875
Tenaglia,2,Deportivo Alavés SAD,11290827,-162849.8,-1.44,11127977.203125
Sergio Herrera,1,Club Atlético Osasuna,10345207,-163835.77,-1.58,10181371.234375
Jauregizar,3,Athletic Club,24025882,-170119.56,-0.71,23855762.4375
Griezmann,4,Club Atlético de Madrid SAD,13593011,-174962.27,-1.29,13418048.734375
Rafa Mir,4,Elche Club de Fútbol SAD,7019712,-181214.64,-2.58,6838497.359375
Boyomo,2,Club Atlético Osasuna,8362733,-199138.0,-2.38,8163595.0
Foyth,2,Villarreal Club de Fútbol SAD,7058082,-200425.11,-2.84,6857656.890625
O. Sancet,3,Athletic Club,7576674,-205103.16,-2.71,7371570.84375
Júnior R.,1,Villarreal Club de Fútbol SAD,13940904,-207871.6,-1.49,13733032.40625
Courtois,1,Real Madrid Club de Fútbol,50961167,-213243.45,-0.42,50747923.546875
Aarón,1,Real Oviedo SAD,21028580,-218964.2,-1.04,20809615.796875
Vivian,2,Athletic Club,9605593,-221186.73,-2.3,9384406.265625
Vini Jr.,4,Real Madrid Club de Fútbol,118471288,-228106.05,-0.19,118243181.953125
Vargas,4,Sevilla Fútbol Club SAD,9029668,-243303.53,-2.69,8786364.46875
Buchanan,3,Villarreal Club de Fútbol SAD,13703236,-249169.62,-1.82,13454066.375
Mikautadze,4,Villarreal Club de Fútbol SAD,19602826,-249308.27,-1.27,19353517.734375
Antony,4,Real Betis Balompié SAD,103847643,-256904.17,-0.25,103590738.828125
Marcos Llorente,2,Club Atlético de Madrid SAD,87383114,-264607.4,-0.3,87118506.59375
Chavarría,2,Rayo Vallecano de Madrid SAD,12346185,-264989.03,-2.15,12081195.96875
Berenguer,4,Athletic Club,18312036,-284640.12,-1.55,18027395.875
Cabrera,2,RCD Espanyol de Barcelona,23525588,-290442.72,-1.23,23235145.28125
Mbappé,4,Real Madrid Club de Fútbol,154347841,-290989.2,-0.19,154056851.8125
Pere Milla,4,RCD Espanyol de Barcelona,16738248,-304358.94,-1.82,16433889.0625
Bartra,2,Real Betis Balompié SAD,42017130,-304931.8,-0.73,41712198.1875
Ayoze,4,Villarreal Club de Fútbol SAD,12947778,-308308.16,-2.38,12639469.84375
Natan,2,Real Betis Balompié SAD,39188290,-326692.97,-0.83,38861597.03125
Affengruber,2,Elche Club de Fútbol SAD,14203588,-334678.16,-2.36,13868909.84375
Álvaro Nuñez,2,Real Club Celta de Vigo SAD,15190136,-365014.0,-2.4,14825122.0
Gerard Martín,2,Fútbol Club Barcelona,18320447,-367509.06,-2.01,17952937.9375
Etta Eyong,4,Levante Unión Deportiva SAD,22779033,-383612.84,-1.68,22395420.15625
E. Militão,2,Real Madrid Club de Fútbol,16022383,-384561.7,-2.4,15637821.3125
Álex Baena,3,Club Atlético de Madrid SAD,56193846,-406079.06,-0.72,55787766.9375
Giuliano,4,Club Atlético de Madrid SAD,52934707,-420565.0,-0.79,52514142.0
F. De Jong,3,Fútbol Club Barcelona,79059158,-443147.47,-0.56,78616010.53125
Lejeune,2,Rayo Vallecano de Madrid SAD,40497535,-447374.03,-1.1,40050160.96875
Comesaña,3,Villarreal Club de Fútbol SAD,22698545,-458348.28,-2.02,22240196.71875
Lo Celso,3,Real Betis Balompié SAD,19684430,-461691.5,-2.35,19222738.5
Kubo,3,Real Sociedad de Fútbol SAD,19974212,-497161.3,-2.49,19477050.6875
Cucho,4,Real Betis Balompié SAD,59684466,-585972.56,-0.98,59098493.4375
Brais Méndez,3,Real Sociedad de Fútbol SAD,31063492,-603304.9,-1.94,30460187.125
Á. Carreras,2,Real Madrid Club de Fútbol,88375292,-706377.5,-0.8,87668914.5
Barrenetxea,3,Real Sociedad de Fútbol SAD,27192829,-722410.4,-2.66,26470418.625
Julián Alvarez,4,Club Atlético de Madrid SAD,105594355,-803497.0,-0.76,104790858.0
C. Romero,2,RCD Espanyol de Barcelona,47297249,-985767.9,-2.08,46311481.125
Rodrygo,4,Real Madrid Club de Fútbol,50402580,-1.3867064e+06,-2.75,49015873.625
Pedri,3,Fútbol Club Barcelona,113265048,-1.5961614e+06,-1.41,111668886.625
Raphinha,4,Fútbol Club Barcelona,146359211,-1.6459789e+06,-1.12,144713232.125
Barrios,3,Club Atlético de Madrid SAD,65014218,-1.6807696e+06,-2.59,63333448.375
Bellingham,3,Real Madrid Club de Fútbol,101868713,-2.3776855e+06,-2.33,99491027.5
